"","Sex"
"1_465241",0.0319338052129154
"c1.loc1",0.0334196866355683
"c1.loc2",0.0338868939765149
"c1.loc3",0.0332214349112547
"1_465237",0.031706756123846
"c1.loc4",0.0318888706270997
"1_465283",0.0320156124644271
"1_979448",0.00109961498342415
"1_972545",0.0313226898527006
"1_1002947",0.0852042216155269
"1_1002957",0.0997272094689379
"1_974823",0.0997308550319076
"c1.loc6",0.103069964531784
"c1.loc7",0.0943917718504252
"1_1388796",0.0902722627673143
"1_1248864",0.163377578672574
"1_1552607",0.162234789544257
"1_1552625",0.16223478933636
"c1.loc8",0.160958296336311
"c1.loc9",0.157766151391193
"1_1956021",0.155532724785438
"c1.loc10",0.146655538220564
"c1.loc11",0.0493196569477092
"1_2275959",0.123400417968284
"c1.loc12",0.137496159146764
"c1.loc13",0.19151760201018
"1_3046147",0.213866782359133
"c1.loc14",0.216537517495702
"1_3170463",0.217413751566191
"1_3145449",0.245384909570056
"1_3205026",0.247804522497788
"1_3268220",0.294442566481742
"c1.loc15",0.295731134752103
"1_3232043",0.296252026649789
"c1.loc16",0.337421392854097
"1_3738134",0.36664001094428
"c1.loc17",0.363769312973169
"c1.loc18",0.345799885584547
"c1.loc19",0.323047056336591
"c1.loc20",0.296450621071692
"c1.loc21",0.267306177857662
"1_4279304",0.264997656324887
"c1.loc22",0.236247921293156
"c1.loc23",0.196739806300926
"c1.loc24",0.147907390766193
"c1.loc25",0.0923284573726448
"c1.loc26",0.0392002403422609
"c1.loc27",0.00493558919347237
"c1.loc28",0.00439977179849649
"c1.loc29",0.0375515491684197
"c1.loc30",0.0895843876953961
"c1.loc31",0.144280104041002
"c1.loc32",0.192548392155402
"c1.loc33",0.231783913516523
"7_7311056",0.243893866838143
"c1.loc34",0.23162624493505
"c1.loc35",0.210903360862282
"c1.loc36",0.188736274236035
"c1.loc37",0.16560598374862
"c1.loc38",0.142113788411933
"c1.loc39",0.118936172391479
"c1.loc40",0.0967622933176315
"c1.loc41",0.0762254137178502
"c1.loc42",0.0578421780685687
"c1.loc43",0.0419715406274079
"c1.loc44",0.0287993116180303
"c1.loc45",0.0183473270100691
"c1.loc46",0.0105008702105636
"c1.loc47",0.0050456304948483
"11_7995636",0.00426131310417333
"c1.loc48",0.00670582674150211
"c1.loc49",0.0104681210773307
"c1.loc50",0.0149800655543402
"c1.loc51",0.0201172564162349
"c1.loc52",0.025721763237037
"3_20634638",0.0257911473942229
"18_3644857",0.0309044782481962
"11_7995637",0.031062284328442
"c1.loc53",0.0271772631111773
"c1.loc54",0.0121005821477667
"1_12207498",0.00839347376046362
"c1.loc55",0.0199581387037284
"c1.loc56",0.12715462136368
"c1.loc57",0.0730311839250177
"c1.loc58",0.0193020917825635
"14_16990480",0.0128248236938049
"1_16852366",0.01212320631398
"c1.loc59",0.00776276427688316
"18_33759636",0.00129064419991209
"c1.loc60",0.00134283099826149
"1_17586659",0.00140510640112979
"1_18503714",0.00661081931134078
"1_18231605",0.024121355441558
"c1.loc61",0.0273754625795775
"1_19075514",0.0320017441110139
"1_19145591",0.195701643475978
"c1.loc62",0.164584992201505
"1_19658001",0.140669660287294
"1_19658214",0.136820805872134
"1_19637644",0.0993394889549464
"c1.loc63",0.089008355381182
"1_19817756",0.0742651786395072
"1_20356240",0.0867317339785245
"c1.loc64",0.0830781645493417
"1_19614222",0.0692043466917838
"c1.loc65",0.0768269962999568
"1_20669875",0.0817228127626706
"c1.loc66",0.065907843047988
"1_20743986",0.0500971868636526
"1_20954387",0.0500971863013504
"c1.loc67",0.0473748704078645
"1_21209235",0.0424091780826856
"1_20779520",0.394811453415201
"c1.loc68",0.394218746206739
"c1.loc69",0.388813690045787
"c1.loc70",0.379757854991503
"c1.loc71",0.36724585411266
"c1.loc72",0.351683452387363
"c1.loc73",0.333643282146205
"c1.loc74",0.313797918769303
"c1.loc75",0.292846089100095
"1_23969825",0.275733777433288
"c1.loc76",0.276617306355071
"1_23481368",0.277141022455574
"1_23828951",0.179498742155971
"14_1026438",0.387595102572639
"c2.loc1",0.364726515193013
"c2.loc2",0.339829650202013
"c2.loc3",0.313013494461394
"c2.loc4",0.284491646086522
"c2.loc5",0.254597446104903
"c2.loc6",0.223790696727463
"c2.loc7",0.19265163166628
"c2.loc8",0.161858907178043
"c2.loc9",0.132150921286431
"c2.loc10",0.104273406423019
"c2.loc11",0.0789199997540067
"c2.loc12",0.0566750401586944
"c2.loc13",0.0379680784938046
"c2.loc14",0.023047255052731
"c2.loc15",0.0119745434116538
"c2.loc16",0.00464128899413652
"c2.loc17",0.000798887665624193
"c2.loc18",9.76906715663972e-05
"2_950882",0.000845907142519309
"c2.loc19",0.00195998786599461
"c2.loc20",0.00827254214458861
"c2.loc21",0.0293113737539699
"c2.loc22",0.0781046382623174
"c2.loc23",0.0941690454601201
"c2.loc24",0.0680576162751976
"c2.loc25",0.0482742350547554
"c2.loc26",0.0368892120313191
"2_2154912",0.0336565523537971
"2_2285122",0.0336383871002113
"2_2239200",0.0329467781964539
"2_2273409",0.0329467781960489
"c2.loc27",0.0278510610524449
"2_2363256",0.0254228901027957
"c2.loc28",0.0349171173033156
"2_2798731",0.0442905134205844
"c2.loc29",0.0712889260941125
"2_2938083",0.0998542144799615
"2_2972467",0.115907318567373
"c2.loc30",0.114398406590333
"c2.loc31",0.0987824029917306
"2_3268584",0.0810546282357336
"c2.loc32",0.0942828840216947
"c2.loc33",0.112792053921197
"c2.loc34",0.121900727657291
"2_3614447",0.122308616612713
"2_3953244",0.100974229143027
"2_3794440",0.100582673947592
"2_3671868",0.0816888847068142
"c2.loc35",0.080573764692339
"2_3835305",0.0752340916548846
"c2.loc36",0.0762485208101609
"2_4212916",0.07722095206001
"c2.loc37",0.0703067043682637
"2_4268719",0.0762584755972711
"2_4350101",0.0751503985334807
"c2.loc38",0.0756703639793983
"c2.loc39",0.101627709781887
"2_4568638",0.112103341258255
"c2.loc40",0.106871475010735
"c2.loc41",0.0967809069541445
"c2.loc42",0.0858158994354952
"c2.loc43",0.0743752769224812
"c2.loc44",0.0629107915826879
"c2.loc45",0.0518675337806798
"c2.loc46",0.0416275052868968
"2_5186881",0.041326232358692
"c2.loc47",0.029982165252342
"c2.loc48",0.0195778490044063
"c2.loc49",0.011006302820654
"c2.loc50",0.00471237905102129
"c2.loc51",0.00100793522312159
"c2.loc52",2.62112798452563e-05
"c2.loc53",0.00170594936108159
"c2.loc54",0.00580902624222546
"c2.loc55",0.0119651411546045
"2_6114707",0.0126768870552283
"c2.loc56",0.019276190566174
"c2.loc57",0.0285961358793827
"c2.loc58",0.0401255240706746
"c2.loc59",0.0539093289680537
"c2.loc60",0.0698930154953032
"c2.loc61",0.0879075391769106
"c2.loc62",0.107665225367576
"c2.loc63",0.128769707506002
"c2.loc64",0.150740584238243
"c2.loc65",0.173050166546986
"c2.loc66",0.195166663649474
"c2.loc67",0.216596528499167
"c2.loc68",0.236919100879433
"c2.loc69",0.255808951743525
"c2.loc70",0.273044510290504
"14_23184626",0.274201581763094
"3_1058124",0.16887734429644
"3_1055879",0.459884770232499
"3_1055953",0.360041541084364
"3_1055923",0.376211264637185
"3_1001036",0.282099945435696
"c3.loc2",0.467118156763746
"3_1584324",0.777308751432415
"c3.loc3",0.699554913598583
"3_1544948",0.89992114015152
"3_1598999",0.834353573233855
"c3.loc4",0.81575067944835
"3_1773587",0.796622205525885
"c3.loc5",0.911681365247034
"c3.loc6",0.85939302467068
"c3.loc7",0.00253002641917277
"3_2108695",0.00225170937851971
"3_2108599",0.00292132830599456
"3_2206148",0.0666300543850937
"c3.loc8",0.0665437697307638
"c3.loc9",0.0639758875502707
"3_2403699",0.0639229297628816
"c3.loc10",0.0644420993819139
"c3.loc11",0.0649833297834661
"3_2505539",0.0650594263147397
"3_2502610",0.109374364845714
"3_2518657",0.107104772456218
"c3.loc12",0.108646807702371
"c3.loc13",0.122057790185494
"c3.loc14",0.135634541425979
"c3.loc15",0.148982449733161
"c3.loc16",0.161679629309361
"c3.loc17",0.173318278537288
"c3.loc18",0.183547942340205
"c3.loc19",0.19211140706274
"c3.loc20",0.198865570416146
"3_3553194",0.199529617408132
"c3.loc21",0.285469598705163
"c3.loc22",0.411648281302305
"3_4196288",0.452730483002071
"c3.loc23",0.512288296608141
"c3.loc24",0.539327494164944
"6_6610169",0.536963965805832
"c3.loc25",0.387197450350399
"6_6610309",0.355360035693529
"3_4201050",0.561195853110185
"3_4228313",0.421508896097031
"3_4214165",0.462772547600423
"c3.loc26",0.46191797192774
"c3.loc27",0.448609526192911
"3_4355551",0.447907746259531
"c3.loc28",0.450487466750722
"c3.loc29",0.45064477577354
"c3.loc30",0.447535791060311
"3_5306858",0.440911869696833
"c3.loc31",0.410174715610857
"3_5278777",0.164806477961001
"3_5596857",0.154076440813064
"c3.loc32",0.196712533539333
"3_5417721",0.287221247303634
"c3.loc33",0.134025856739562
"3_5645733",0.104360080169997
"c3.loc34",0.0961557565997708
"6_2131773",0.0886559755618208
"c3.loc35",0.0692309942189482
"7_23037623",0.0598259418232772
"c3.loc36",0.088411129081301
"c3.loc37",0.173208605546414
"3_6059142",0.297488003450596
"c3.loc38",0.304862523265591
"c3.loc39",0.311976678694123
"c3.loc40",0.253998710749386
"3_6405665",0.249770678518566
"c3.loc41",0.345424801762967
"c3.loc42",0.225018261433277
"c3.loc43",0.042375323753447
"c3.loc44",0.0034985232534126
"3_7287592",0.000751926709980921
"c3.loc45",7.15621647273679e-05
"c3.loc46",0.00528597300162659
"3_7815481",0.00639390955688413
"c3.loc47",0.0119372090549774
"3_8423519",0.0126308528946808
"c3.loc48",0.0341942293133073
"3_8423518",0.0354844558984198
"3_8423520",0.0357308265448992
"3_8423542",0.0270579893472629
"3_8895621",0.0266434605390913
"3_8895655",0.0774784883904829
"c3.loc49",0.0687970678322358
"3_9224644",0.0482888683707543
"5_2392618",0.0119014687166157
"5_2392650",0.0136282974490101
"c3.loc50",0.0144856929175674
"3_9044978",0.0159083911399449
"c3.loc51",0.0257073835730566
"c3.loc52",0.0404346294432543
"c3.loc53",0.0567015943587279
"3_12277519",0.0576909715868297
"12_11308873",0.0574707343645144
"3_14322343",0.118072530169478
"c3.loc54",0.117410034128191
"2_14258457",0.116608660155421
"3_16163489",0.102611777399005
"3_16707449",0.0199155697689761
"c3.loc55",0.018158225494382
"2_14258463",0.012988473293575
"c3.loc56",0.0151448867187938
"c3.loc57",0.0186947708286027
"18_29169855",0.0193148452572984
"c3.loc58",0.00652883890006706
"3_19326619",0.0111651057347615
"13_28441420",0.0111689499730616
"3_8220547",0.0021865216664807
"c3.loc59",0.002471972444404
"c3.loc60",0.00387282320599525
"c3.loc61",0.00657630505543949
"c3.loc62",0.00901513327504944
"c3.loc63",0.00576999569517511
"c3.loc64",0.00249993079405186
"c3.loc65",0.00112397878947945
"16_10945438",0.000904095944250116
"4_405578",0.115855067458234
"c4.loc1",0.142665257107488
"c4.loc2",0.170323252331286
"c4.loc3",0.197346691846384
"c4.loc4",0.222281354195978
"4_936532",0.234472046203187
"4_1048504",0.234520200132764
"c4.loc5",0.277459320057922
"c4.loc6",0.337047741418665
"4_1554457",0.32395896777949
"4_1659787",0.0157883065752742
"4_1800655",0.0140297659928308
"4_1800675",0.0142754879604965
"4_2007610",0.0142754879822462
"c4.loc7",0.0143654078240019
"c4.loc8",0.0150758654587904
"4_2581004",0.0151872634199179
"4_2538171",0.335975941686002
"c4.loc9",0.341177938517724
"c4.loc10",0.37305111319607
"c4.loc11",0.386490440608128
"4_3300210",0.386822886161035
"4_2873313",0.4109788352782
"4_2898086",0.496472581983333
"4_2929017",0.60421642036038
"4_2940289",0.934702152155474
"4_2933638",0.93470215214807
"c4.loc12",0.117097684738248
"4_2928994",0.0604912067064021
"c4.loc13",0.072149148743442
"c4.loc14",0.0840407530818865
"c4.loc15",0.0927119977665072
"4_4501570",0.0951417100554295
"c4.loc16",0.0855974925099474
"4_4708744",0.0740609954467288
"c4.loc17",0.085920855154157
"4_4796041",0.104096323447202
"c4.loc18",0.190618554813184
"4_5019318",0.393520774489701
"c4.loc19",0.391640572612758
"4_5014773",0.155027900882679
"c4.loc20",0.157008151896925
"c4.loc21",0.162662350553497
"c4.loc22",0.168126934618563
"4_5372975",0.171256620731981
"c4.loc23",0.186176179007411
"c4.loc24",0.234063280316171
"c4.loc25",0.21495639368198
"c4.loc26",0.0422162786435081
"c4.loc27",0.000172474764291053
"4_5882334",0.00428061332686269
"c4.loc28",0.00245511289789846
"4_6149524",0.000226456095511196
"c4.loc29",0.0011617733422824
"4_6565198",0.0109548669435782
"c4.loc30",0.00806483757610721
"c4.loc31",0.00038470628509657
"c4.loc32",0.00149154201957913
"4_7134433",0.00497218384857945
"4_7134434",1.78668733497034e-06
"c4.loc33",2.02358261702784e-06
"4_7246826",2.69346115544522e-06
"4_7599190",0.0110877976935342
"c4.loc34",0.00933254861093502
"4_7599189",0.008017314706386
"c4.loc35",0.00787425132973141
"c4.loc36",0.00771249843524657
"c4.loc37",0.0075455323017124
"4_9646484",0.00738862185705358
"c4.loc38",0.0116023710415405
"4_10392639",0.0331190631253051
"c4.loc39",0.0331008020735553
"4_11235175",0.0317776036588384
"c4.loc40",0.0319389378183459
"4_11594995",0.0215955837320294
"4_11595005",0.0215955752001804
"c4.loc41",0.00256651599329416
"4_14109806",0.00840710841553971
"c4.loc42",0.00206772865332283
"c4.loc43",0.000521914556983916
"4_16592499",0.003816875192868
"4_16137623",0.0135129262236831
"c4.loc44",0.0128683477985732
"c4.loc45",0.0104337755523218
"4_17146101",0.00912202161661924
"c4.loc46",3.58156310795721e-05
"4_17757436",0.0485559639205917
"c4.loc47",0.0490077805295783
"4_17758080",0.0513717253530501
"c4.loc48",0.0965529364405668
"c4.loc49",0.00718105817499293
"4_18151654",0.00581255110004264
"4_18365919",0.00286942282240688
"c4.loc50",0.127895973456177
"4_18355345",0.0316607892521148
"c4.loc51",0.0322320163571561
"c4.loc52",0.0316256423746495
"4_18795496",0.0313863502831779
"4_19141999",0.0314785214025832
"4_19250728",0.0313771792854638
"c4.loc53",0.0687281080179005
"4_18994424",0.0850949919336443
"4_19442596",0.0733578225539375
"4_19401514",0.0310914491806642
"4_19406406",0.0311069487542497
"c4.loc54",0.0311004628429572
"4_19711551",0.0310582121181611
"c4.loc55",0.345417488592084
"4_19859950",0.302929386718283
"c4.loc56",0.302924247308063
"4_19879705",0.302787969764992
"c4.loc57",0.313309561614638
"4_20280256",0.317603129717405
"4_20147449",0.394783861488712
"c4.loc58",0.397470300160805
"4_20590317",0.397458102624611
"4_20573221",0.395656414040843
"c4.loc59",0.294455158037721
"c4.loc60",0.170382258425647
"c4.loc61",0.0756557630715662
"c4.loc62",0.0181647257312321
"4_21296318",0.0148687274313843
"4_21405666",0.0127207565701752
"c4.loc63",0.0174820653926844
"4_21626265",0.0176224351988381
"c4.loc64",0.0163012234604238
"c4.loc65",0.0145666113370879
"4_21750541",0.0140813760268728
"c4.loc66",0.513768654047247
"4_22218751",0.190602016019888
"c4.loc67",0.191023060963211
"c4.loc68",0.19238593868559
"c4.loc69",0.19377264563645
"c4.loc70",0.195178281604228
"4_24242954",0.195578702975851
"4_24432121",0.189378689131772
"4_24378472",0.241119022007688
"5_2074950",0.0119273144373579
"c5.loc1",0.0781527793193604
"c5.loc2",0.292935560717012
"c5.loc3",0.16450946547959
"5_1161567",0.0892288295057284
"5_1162334",0.067651653941688
"c5.loc5",0.118085111776558
"5_2565607",0.181853494993007
"c5.loc6",0.280398695858651
"5_2074832",0.000214495031599427
"c5.loc7",0.00214634254151491
"5_2528223",0.00332253892773338
"c5.loc8",0.0020469240178187
"c5.loc9",0.000832019184556998
"c5.loc10",0.00014667455388917
"5_3532366",5.10061764131819e-05
"c5.loc11",0.00262053771586324
"c5.loc12",0.0115033581256867
"5_4053044",0.00782698043669683
"c5.loc13",0.00678391936503431
"c5.loc14",0.00506159755704516
"c5.loc15",0.00357841088563049
"c5.loc16",0.00234705828662385
"5_4631768",0.00164104956711952
"5_4540238",0.00155782936274562
"c5.loc17",0.00130241831483602
"5_4559240",0.00125353886298285
"c5.loc18",0.00037337596615572
"c5.loc19",0.0198141798860405
"c5.loc20",0.138633406540876
"c5.loc21",0.175223811402581
"c5.loc22",0.119541804399326
"c5.loc23",0.0891978717299153
"5_5437370",0.0831749760381086
"5_5331857",0.108949661034231
"c5.loc24",0.114862003936572
"c5.loc25",0.129105405720153
"5_5707625",0.13805830286401
"c5.loc26",0.0272584233988553
"c5.loc27",0.677911340530279
"5_6614908",0.606194788373593
"5_6614898",0.405777063306161
"c5.loc28",0.408849286943898
"5_6441001",0.420536567312169
"c5.loc29",0.466603218180104
"5_6531869",0.465129680511772
"5_6617970",0.464311292641135
"5_6599359",0.464217986482076
"5_6614897",0.561048608953719
"c5.loc30",0.622232742021289
"5_6661247",0.847166390234378
"c5.loc31",0.864519233033242
"c5.loc32",1.03707381502466
"5_6915516",1.08242410204138
"c5.loc33",1.06395475463091
"c5.loc34",1.02369552120913
"5_7259488",0.987584121909485
"c5.loc35",0.886426707642514
"c5.loc36",0.621985654630919
"5_7797055",0.671537690630807
"c5.loc37",0.673262328793051
"5_7648545",0.673288912195275
"c5.loc38",0.00362713315451657
"5_8221736",0.0453235961454297
"c5.loc39",0.0363405066194318
"c5.loc40",0.0266120354283004
"c5.loc41",0.0183869751992773
"9_10450468",0.0119167327442753
"c5.loc42",0.0111513112935597
"c5.loc43",0.00309079225842623
"c5.loc44",0.180059937171904
"4_2304110",0.412603528430189
"c5.loc45",0.396621535649054
"c5.loc46",0.263065387614787
"c5.loc47",0.122032448313924
"c5.loc48",0.0413044264971063
"c5.loc49",0.00897297211731996
"c5.loc50",0.000307988964124206
"5_13857691",0.000870581480292287
"c5.loc51",0.000234433452639848
"14_13969350",0.00249459313987899
"c5.loc52",0.00449438713904016
"c5.loc53",0.0456148145929021
"5_20559462",0.0632846998592527
"c5.loc54",0.0601127285242882
"c5.loc55",0.0487361059236378
"5_17868504",0.0383674723941994
"c5.loc56",0.0380373530102887
"5_20828664",0.0148764817615543
"c5.loc57",0.0123622709390219
"5_20828599",0.00145425555486156
"c5.loc58",0.0384240019848505
"c5.loc59",0.132670090719145
"5_21825284",0.125219280185455
"5_21488186",0.0170391130855592
"c5.loc60",0.00351780717397787
"16_11684812",0.116659523516077
"5_21554189",0.0545674956452871
"c5.loc61",0.0420284628402783
"5_21614867",0.0351197941530685
"5_21757082",0.00340297760637753
"5_21772363",0.00572022956851015
"5_21825371",0.00572284679005008
"5_21771926",0.00572284679181223
"5_21771956",0.0057238940347375
"5_21771573",0.261677014682583
"5_21859222",0.261534645415558
"11_13522595",0.265945772949621
"5_21729658",0.267541525257052
"c5.loc62",0.112943108955129
"11_13522623",0.109002769018154
"5_22809424",0.111841917060133
"c5.loc63",0.0856870816364648
"5_22788793",0.0688829410490399
"5_23042530",0.0275499420560479
"5_23042550",0.0164546291684218
"5_23224383",0.00178903208151837
"5_23612814",0.00178903208411185
"5_23230814",0.00112821665949525
"5_23663249",0.0153306527393937
"c5.loc64",0.0129557649846817
"5_21771593",5.2137924200224e-07
"c5.loc66",0.00706963063891664
"c5.loc67",0.0286724655270447
"5_21825406",0.0293232996141271
"c5.loc68",0.0261465614877778
"c5.loc69",0.0221993273139205
"c5.loc70",0.0179059251417968
"c5.loc71",0.0136924978467121
"5_21614858",0.012591295007006
"6_1645621",0.00296781851508143
"c6.loc1",0.102843416350879
"6_1668270",0.100760869180412
"c6.loc2",0.101040353064995
"6_1563285",0.101335688322692
"6_1655948",0.216688879084494
"6_1655949",0.216631509638219
"c6.loc4",0.185720137595027
"c6.loc5",0.0656533884720432
"c6.loc6",0.0279225998388171
"c6.loc7",0.143667135904941
"6_2534068",0.165339612424198
"c6.loc8",0.13716437535723
"c6.loc9",0.0953875243133595
"6_2687012",0.0901202671014474
"6_2776728",0.0235185622163314
"c6.loc10",0.0195575934232082
"6_3039125",0.0149647618726902
"6_3234810",0.0188412092347718
"c6.loc11",0.0177284177336574
"c6.loc12",0.0102102368368691
"c6.loc13",0.00396705844013212
"c6.loc14",0.000346103309354362
"c6.loc15",0.00100457618277261
"c6.loc16",0.00745393125074401
"c6.loc17",0.0202911573393649
"c6.loc18",0.038554382907769
"6_22228152",0.0421435700464059
"c6.loc19",0.0263100290004488
"c6.loc20",0.330984057302054
"6_22228270",0.378359573899914
"c6.loc21",0.376249817689924
"c6.loc22",0.361477502262005
"6_22050337",0.352463610914448
"6_22050299",0.466828454052084
"6_21778477",0.46731895521863
"c6.loc24",0.490304645286365
"c6.loc25",0.498598008902036
"c6.loc26",0.448442573172628
"6_20918375",0.435731086702674
"c6.loc27",0.37270432828695
"6_20468363",0.365127141030115
"c6.loc28",0.373976381311024
"6_20137860",0.378848652534558
"c6.loc29",0.388131176848674
"6_20047472",0.30132721665985
"c6.loc30",0.327721330441406
"c6.loc31",0.351943383624828
"c6.loc32",0.371471192665432
"c6.loc33",0.386545398752851
"c6.loc34",0.397636110305449
"c6.loc35",0.405322050840347
"c6.loc36",0.410200483198295
"c6.loc37",0.412830537861588
"c6.loc38",0.413704120384608
"c6.loc39",0.413236013953018
"c6.loc40",0.411765562760138
"c6.loc41",0.409564297322319
"c6.loc42",0.406845853615657
"6_17440350",0.406693637376264
"6_15944134",0.387795244421689
"c6.loc43",0.420249497915918
"6_16634982",0.434346086191582
"c6.loc44",0.438468750621681
"6_15776658",0.439771929220868
"6_15165723",0.252667543390146
"6_15528859",0.287951779482498
"c6.loc45",0.309711483441312
"6_15122181",0.320159629910499
"6_15528810",0.320099106419192
"6_14849036",0.465444402065501
"6_15006120",0.465250663116777
"6_14939923",0.465249442117162
"c6.loc46",0.440057112352186
"6_14347553",0.758724728634036
"c6.loc47",0.758391893930025
"11_12184299",0.756957502459649
"6_13625090",0.79250788295959
"13_3252887",0.794069068617929
"6_13690422",0.799538563565513
"c6.loc48",0.807091663974262
"13_3252918",0.825699639501046
"c6.loc49",0.75151490080026
"c6.loc50",0.440559471185018
"c6.loc51",0.0344458573979338
"c6.loc52",0.193285842141137
"c6.loc53",0.616475515812446
"c6.loc54",0.85088619232824
"6_14058724",0.860304334281544
"c6.loc55",0.792592141401656
"c6.loc56",0.686672699002351
"c6.loc57",0.561796820706185
"c6.loc58",0.437061138409881
"15_6425116",0.37965591620776
"7_353165",0.00392715313063263
"7_1647443",0.0143348399950014
"c7.loc1",0.01582348432175
"7_1430410",0.0273487496768112
"c7.loc2",0.0382303477445731
"7_1424107",0.0437316315393232
"7_1303754",0.0386452332990572
"7_1424125",0.0331428900823383
"7_1268198",0.013081114698501
"7_1268187",0.0129933093384551
"c7.loc3",0.00756931704043495
"7_1457898",0.00197604887842573
"c7.loc4",0.00528746563906424
"c7.loc5",0.0120978144439832
"7_1751364",0.0127355686491768
"7_1750802",0.0134766478258399
"c7.loc6",0.000495725195378327
"c7.loc7",0.0804678250375446
"7_2244945",0.119360770295039
"7_2244958",0.119360770321883
"c7.loc8",0.30265865426896
"7_2645359",0.364204952738589
"7_2682789",0.313739671610186
"c7.loc9",0.352533154049134
"7_2809369",0.402307134110529
"7_3202715",0.0346363938258918
"c7.loc10",0.0527280816769817
"7_3306878",0.0661968714612868
"7_3138930",0.0650571666930659
"c7.loc11",0.0666627313348656
"c7.loc12",0.0433789454282234
"c7.loc13",0.00879271965039408
"c7.loc14",0.0315386706029841
"7_3854357",0.0349201818175757
"7_3764300",0.0345997476467943
"7_3747700",0.0345997476169799
"7_3764272",0.0334140539025753
"c7.loc15",0.0273620835528732
"7_3830152",0.0270610585677957
"7_3965728",0.0350624192686411
"c7.loc16",0.0480851766060653
"7_4079385",0.0671689850316142
"c7.loc17",0.0781666571362791
"c7.loc18",0.14605939114584
"c7.loc19",0.230329598796956
"7_4510977",0.265139682530517
"c7.loc20",0.3467519312549
"7_4643491",0.358013943778801
"c7.loc21",0.46960478617342
"c7.loc22",0.656107247526847
"7_4949128",0.883011092288356
"c7.loc23",0.838484140152559
"c7.loc24",0.527042824654913
"7_5357607",0.40377087246555
"c7.loc25",0.43210716760295
"c7.loc26",0.493972452746675
"c7.loc27",0.555517596732038
"c7.loc28",0.615315359355129
"7_6652023",0.648528121905905
"c7.loc29",0.652891368831064
"7_6634749",0.65551897544939
"c7.loc30",0.506051592598261
"c7.loc31",0.0432292083995591
"c7.loc32",1.48836996975017
"c7.loc33",1.38038005898385
"7_7755409",1.27135444307719
"7_7755454",1.27092732453623
"c7.loc34",1.24788716473572
"c7.loc35",1.1043641666645
"7_8215497",1.00797004192774
"7_8168271",1.00797003752837
"7_8390890",0.967034023818755
"c7.loc36",0.969675356050232
"c7.loc37",0.953738719485735
"7_8554831",0.950098618719849
"7_8554894",0.968967499587414
"c7.loc38",0.869934708166383
"7_9416119",0.839922897730148
"7_9420884",0.100533719633816
"7_9813672",0.100533255908083
"7_9745059",0.52986699114031
"c7.loc39",0.779439632356826
"7_10079728",1.14826062827253
"c7.loc40",1.17443761745697
"c7.loc41",1.26791389253231
"7_15777027",1.29242645523467
"7_11861082",1.28491725502083
"c7.loc42",1.4090000569385
"5_15180588",1.45250300677579
"5_15179728",1.26097859752397
"14_13756275",1.26058884455325
"c7.loc43",1.17967864525139
"7_14050263",1.14949872388179
"7_14489532",1.27109501755173
"5_12303093",1.30847181604795
"7_14622472",1.4735676340098
"c7.loc44",1.43932670554634
"c7.loc45",0.328194980128089
"13_22848818",0.828039594013262
"13_22848812",0.827430445843774
"7_15258740",0.946916558563451
"c7.loc46",0.983339652270693
"7_15242101",1.01792210649213
"13_22848755",0.523816816073129
"c7.loc47",0.595707815332084
"7_15776974",0.600748211395867
"7_15778116",2.57298818074776
"7_15884505",1.74310165105071
"c7.loc48",1.73718028143092
"7_16441841",1.57537333105432
"7_16441835",1.59353477792377
"c7.loc49",1.61385223423856
"c7.loc50",0.173386420946628
"7_16954016",0.312825337939891
"7_17223558",0.420027651835433
"c7.loc51",0.424026497816861
"7_17314392",0.464811845920245
"7_17581695",0.37419061025475
"7_17594500",0.467675886972764
"c7.loc52",0.4625169275999
"c7.loc53",0.432004457702192
"c7.loc54",0.396990607365147
"7_18010855",0.376517237989482
"c7.loc55",0.366510265522813
"7_18010428",0.365556323891774
"c7.loc56",0.0294178345947813
"7_18193924",0.0426422609851471
"7_18468778",0.0607958139162292
"c7.loc57",0.0190907112940124
"7_18705890",0.108202649959189
"7_18701268",0.0995983138073697
"c7.loc58",0.0490496411415506
"c7.loc59",0.486194504423246
"c7.loc60",0.632945762754844
"7_19269959",0.547015495674287
"7_19116701",0.55365870778332
"c7.loc61",0.565993505179897
"c7.loc62",0.925959325928801
"7_19365013",0.938336639031711
"c7.loc63",0.735473255515373
"7_20565682",0.640628483747612
"c7.loc64",0.634087209922157
"7_19909355",0.629331389522072
"7_20077523",0.458804346450393
"7_19909369",0.457921876568754
"c7.loc65",0.00200773381546782
"7_19372163",0.57272294470858
"c7.loc66",0.576520953610334
"c7.loc67",0.585765530433363
"c7.loc68",0.594435338981953
"7_21352302",0.598843666113908
"7_21462173",0.571790702742831
"c7.loc69",0.590606464068074
"c7.loc70",0.64119153514207
"7_22112819",0.645091618501382
"c7.loc71",0.487130667074609
"7_22619808",0.293124886847693
"c7.loc72",0.295823773308371
"c7.loc73",0.362869086123226
"7_22862695",0.373091512133016
"7_22862634",0.396609536172981
"7_22862669",0.393007665556809
"c7.loc74",0.417969970303623
"c7.loc75",0.0703065211839089
"7_23346134",0.115781115275176
"c7.loc76",0.116750855063017
"7_23663930",0.121927935801295
"7_23667371",0.170543667828937
"7_23627038",0.136727474715194
"7_23660773",0.140150812522435
"7_23670192",0.122494019141456
"c7.loc78",0.172755031409274
"7_23821859",0.178217950476771
"c7.loc79",0.202573492650338
"7_24102596",0.221554213208854
"7_24109701",0.0444909472482422
"c7.loc80",0.0444360942284732
"7_24435151",0.0438666866005804
"7_24369801",0.3577504272479
"c7.loc81",0.350503653507637
"7_24554592",0.349321538786825
"c7.loc82",0.140685537974399
"7_24726492",0.111549366585812
"c7.loc83",0.103539411835619
"c7.loc84",0.0883452059690129
"7_25259422",0.08640490320834
"7_25394517",0.0655658275397641
"16_627306",0.0693454772759807
"c7.loc85",0.0453874197619513
"c7.loc86",0.00489658464334042
"c7.loc87",0.024547904586413
"c7.loc88",0.105370522133654
"c7.loc89",0.151275461142916
"7_26234696",0.166227334135961
"c7.loc90",0.162149341649247
"c7.loc91",0.136078582360639
"7_26497710",0.135498807296592
"7_26756221",0.22191974466763
"c7.loc92",0.24113059664861
"7_26805971",0.272473450008725
"c7.loc93",0.280252848239556
"c7.loc94",0.28587983722629
"c7.loc95",0.284695842383691
"c7.loc96",0.276837150614917
"7_26481209",0.275032780875122
"8_379062",0.293168376544685
"8_4283686",0.292853167549943
"c8.loc1",0.320907627000018
"c8.loc2",0.359528014560048
"8_783956",0.36148868653224
"c8.loc3",0.230403943620374
"8_1494384",0.139279283735597
"c8.loc4",0.139890015744875
"1_19614277",0.136254607270573
"c8.loc5",0.133361925081871
"c8.loc6",0.108388474374983
"8_3986606",0.0904516781260867
"c8.loc7",0.146427808510197
"c8.loc8",0.223714874107664
"13_21475121",0.239754919483524
"c8.loc9",0.253851192772359
"16_11684819",0.270930837607217
"c8.loc10",0.253690581840452
"8_5458329",0.241184619824615
"18_29169874",0.240457490029719
"14_6058764",0.299492472300997
"8_5958731",0.299337797691116
"c8.loc11",0.290514633687572
"c8.loc12",0.264521731157998
"c8.loc13",0.236768223687854
"8_7684687",0.235094819698517
"c8.loc14",0.18958756721284
"8_8774626",0.166377888349245
"8_8735510",0.165366407063175
"c8.loc15",0.136910899278917
"c8.loc16",0.0706357788832577
"c8.loc17",0.00759577439368542
"c8.loc18",0.0383765923238286
"c8.loc19",0.251713821064634
"c8.loc20",0.455316254439296
"c8.loc21",0.536308686591056
"c8.loc22",0.554090511760862
"8_10714473",0.55421936412597
"c8.loc23",0.596951073297106
"c8.loc24",0.628919351684267
"8_10943902",0.59855986624882
"c8.loc25",0.867083647778493
"c8.loc26",1.38607988599654
"8_11018236",1.55377941942652
"c8.loc27",1.53675850431311
"c8.loc28",1.41644160369508
"8_11455801",1.30931548970984
"c8.loc29",1.34915742388468
"c8.loc30",1.64451036332747
"8_11536729",1.89537012342613
"8_11631412",1.87484415579702
"c8.loc31",1.99697719205464
"8_11720093",2.14979090942242
"c8.loc32",1.88362407081581
"8_11785640",1.65599181667893
"8_11965187",1.61870146140356
"8_11941598",1.62616776946026
"c8.loc33",1.61716392576661
"c8.loc34",1.15094656573349
"c8.loc35",0.185678194879522
"8_12499893",0.0676027397085548
"c8.loc36",0.0614031481057324
"c8.loc37",0.0514804359624392
"c8.loc38",0.395505587610344
"8_13225232",0.485929140537735
"c8.loc39",0.468938203225768
"c8.loc40",0.259788429663061
"c8.loc41",0.0122113189840007
"c8.loc42",0.116439640885389
"c8.loc43",0.334710448308826
"c8.loc44",0.461949494246859
"c8.loc45",0.529160629484707
"c8.loc46",0.567222955680371
"8_14130229",0.571795376805596
"c8.loc47",0.610492828773715
"c8.loc48",0.656731035447592
"8_15083730",0.666164873151963
"c8.loc49",0.545658856713509
"c8.loc50",0.570652009830276
"8_15113520",0.71325798091906
"c8.loc52",0.677412825587005
"8_15398994",0.662687276529617
"c8.loc53",0.659170933895346
"c8.loc54",0.619740009916661
"8_16566791",0.61292810422357
"8_15729357",0.519739154634017
"c8.loc55",0.529523909972617
"8_16566760",0.599515583617027
"c8.loc56",0.570811172279534
"8_16442631",0.522019218799599
"c8.loc57",0.516131197769887
"c8.loc58",0.180777221420577
"c8.loc59",0.387981675895766
"8_16801786",0.450267799267934
"8_16981196",0.449940241928282
"c8.loc60",0.398310625031847
"8_17047597",0.30074399085035
"8_17054594",0.318320584444102
"8_17054558",0.318320584433202
"c8.loc61",0.375988429224456
"8_17357144",0.387201504452214
"c8.loc62",0.385074927344917
"c8.loc63",0.368131890915755
"8_18216431",0.359191922796541
"8_18216563",0.360441863304025
"8_18216338",0.445700197720136
"c8.loc64",0.452221972116895
"c8.loc65",0.4643695707707
"8_18585590",0.469989017753413
"c8.loc66",0.476373270340169
"8_18738682",0.472041175190583
"8_18953709",0.471991987715747
"c8.loc67",0.464208487193318
"8_19192553",0.242249208493568
"c8.loc68",0.234582369694394
"8_19508944",0.223701880343853
"8_19705375",0.201403904399648
"c8.loc69",0.242263230272336
"8_19854900",0.30460903226917
"8_19845271",0.301877267612312
"8_19851783",0.356288116196865
"8_19843901",0.357668121964942
"8_19854886",0.0178978873419879
"c8.loc71",0.0121226422089364
"c8.loc72",0.00260036454648827
"8_20584042",0.00229347783943723
"8_20168985",0.190329094263532
"c8.loc73",0.220715444179682
"8_20771932",0.287271679163766
"8_20877285",0.04119518631218
"c8.loc74",0.0397794258029833
"c8.loc75",0.0276022883292981
"8_21184644",0.025217280117019
"c8.loc76",0.373840239696285
"c8.loc77",0.23126209930745
"8_21718474",0.228981214559468
"8_22458376",0.219258897934097
"8_22239521",0.219258380827583
"8_22239410",0.219135554539214
"8_21929790",0.220161469188341
"c8.loc78",0.28357531307153
"8_22223668",0.322531377378859
"9_324342",0.0712088432217683
"9_295085",0.0712088432181162
"c9.loc1",0.0712088432182654
"9_477631",0.0712088432182512
"c9.loc2",0.0867057596013439
"c9.loc3",0.0153659982147758
"9_1015666",0.00487492790035304
"c9.loc4",0.00438302062470797
"9_1015662",0.00407223303717075
"9_1139384",0.0590907451841431
"c9.loc5",0.0502514181982292
"c9.loc6",0.0248066918905181
"9_1518031",0.0173507805705171
"9_1337702",7.97398534757576e-07
"9_1510241",0.000344018571716731
"c9.loc7",0.000198264560303585
"9_1900860",5.97386104956854e-05
"c9.loc8",0.0153915324941991
"9_1911192",0.0433842061046263
"c9.loc9",0.0526697920297678
"9_2071722",0.0563100946719004
"c9.loc10",0.201714728424285
"9_2191771",0.00105527602175215
"c9.loc11",2.66980619088031e-05
"9_2258942",0.000251827605588062
"9_2360272",0.00125969679054805
"9_2309792",0.00127233575249619
"c9.loc12",0.0057051023286192
"9_2451516",0.0389639213499819
"9_2457292",0.0389639213534352
"9_2597721",0.116138031707017
"9_2648758",0.119006884566787
"c9.loc13",0.129108731511231
"9_2906757",0.132176652271482
"c9.loc14",0.0265045368257972
"9_3040244",0.022183144783213
"9_3092684",0.0266968707737121
"c9.loc15",0.0136199440675568
"c9.loc16",0.000140574065788712
"c9.loc17",0.0207040830479244
"c9.loc18",0.140009468526465
"c9.loc19",0.449861230378239
"c9.loc20",0.835694805833249
"c9.loc21",0.978846618000695
"c9.loc22",0.927952617497603
"c9.loc23",0.83442421773232
"c9.loc24",0.750424250886674
"9_4644074",0.727119377692794
"c9.loc25",0.92410679981959
"9_4309244",1.00040941256016
"9_4435056",0.0777539615577609
"9_4309247",0.0514118346575358
"9_4309174",0.0295953510669875
"c9.loc26",0.0214197601307191
"9_4365902",0.00454400874863126
"9_4644056",0.0251050626885885
"c9.loc27",0.0242387802132953
"9_5014479",0.00953066030342598
"c9.loc28",0.00462095353692149
"9_5180578",1.37128937112152e-05
"9_5375340",1.23719665623412e-06
"c9.loc29",0.537427644610972
"9_5447233",0.0986425457915132
"9_5446175",0.0986835335342136
"9_5530650",0.0680604826542179
"9_5615541",0.0680173576024856
"c9.loc30",0.160480050211653
"9_5640620",0.00303796968030667
"c9.loc31",0.0417895555066821
"9_5862176",0.0599054480856012
"9_5862207",0.039493079394795
"5_17373234",0.0310874375957866
"c9.loc32",0.0276729073957185
"c9.loc33",0.0016386094426224
"9_6811093",0.0101607935453956
"9_6817429",0.00438648442104039
"9_6817423",0.0192833610954111
"c9.loc34",0.0184802370592081
"c9.loc35",0.00495812642331828
"c9.loc36",0.000299238458552509
"c9.loc37",0.000464201111164186
"1_5944415",0.00197608040377872
"c9.loc38",0.000210973214272769
"c9.loc39",0.0763225514929218
"c9.loc40",0.342407864230445
"c9.loc41",0.251323689721453
"9_9634404",0.206875918578362
"9_9508977",0.206836203532845
"9_9860758",0.167249814091676
"c9.loc42",0.156615370955407
"9_9860779",0.136277554222175
"9_9618615",0.109493208309345
"c9.loc43",0.17330273540113
"9_9890624",0.212557991355588
"c9.loc44",0.223235735054068
"c9.loc45",0.239406055166626
"c9.loc46",0.256217368213576
"c9.loc47",0.27359893176876
"c9.loc48",0.291464313212394
"c9.loc49",0.30971234606649
"9_13452526",0.321910732092171
"9_13475986",0.133307088378288
"c9.loc50",0.132204064338204
"9_13407438",0.131958570155703
"4_9020164",0.0327195885432019
"4_9020146",0.0623052155952948
"c9.loc51",0.0754634521628148
"9_16384147",0.0871551644769468
"c9.loc52",0.0898955107463735
"9_19000027",0.0906641858713684
"9_18875795",0.0906641858739476
"9_18814030",0.090647190115746
"9_18999992",0.00615252729659233
"9_18999985",0.00663981172167638
"9_18884162",0.00544284088348945
"9_18105931",0.275371031440613
"9_18504306",0.274418799706112
"c9.loc53",0.272446502270107
"9_19514025",0.268431961541658
"9_18504305",5.90268065536748e-06
"c9.loc54",0.0207911047513605
"9_19305720",0.040565440527935
"c9.loc55",0.0375279748131092
"12_16438392",0.0319890939302496
"5_4011139",0.0345518852790434
"c9.loc56",0.0344562554943195
"c9.loc57",0.0307331445601307
"c9.loc58",0.0240878108834295
"6_2606840",0.0230821668116405
"c9.loc59",0.0264216402801267
"9_21899628",0.029002115720651
"c9.loc61",0.00517004670425791
"9_22901811",0.000769524495957796
"9_22710038",0.00130912479964707
"9_22583120",0.00590134514899177
"17_17189416",0.00276409745274719
"c10.loc1",0.0280856220449337
"17_17189427",0.0377278460229533
"c10.loc2",0.128622331669732
"17_17189406",0.201026286589617
"c10.loc3",0.176624201833249
"c10.loc4",0.133284387232479
"c10.loc5",0.0940048238155597
"c10.loc6",0.0605941826927534
"c10.loc7",0.0342976977365339
"10_1472990",0.0257799543945652
"10_1773484",0.0257799534296339
"c10.loc8",0.0156520591068343
"17_17189484",0.0117834855868253
"17_17189505",0.0117784627761637
"c10.loc9",0.00558696472240428
"10_2674703",0.00174155575282953
"c10.loc10",0.000149571625300382
"10_3167847",0.0133233678346727
"c10.loc11",0.0116634481390321
"c10.loc12",0.00148047691366315
"c10.loc13",0.00100609737138768
"10_3457871",0.00144369772893072
"10_3606765",0.00139796904870337
"c10.loc14",0.00143005237294602
"10_4125692",0.00139672603696539
"c10.loc15",0.00137610988659276
"c10.loc16",0.00130158325070084
"c10.loc17",0.00120049652494458
"c10.loc18",0.00107858656724602
"c10.loc19",0.00094428371594546
"10_4750953",0.000888911067811193
"10_4750952",0.00113572959919139
"c10.loc20",0.00250313054658591
"c10.loc21",0.00727088856292823
"c10.loc22",0.0145616583004156
"10_5004674",0.0195551112146717
"10_5021135",0.0420372745061144
"c10.loc23",0.0414111715112995
"c10.loc24",0.0390511059141048
"c10.loc25",0.0364772832092513
"c10.loc26",0.0337877384693002
"c10.loc27",0.0310719973226483
"10_6012894",0.0301055346657506
"c10.loc28",0.0479482420224855
"10_6379523",0.0515565835635883
"10_6123501",0.0406214992111202
"10_6554496",0.0898631076046783
"10_6554504",0.121122025420171
"c10.loc29",0.121455086233233
"10_6643681",0.121726791127394
"10_6575670",0.121695694271565
"10_6623163",0.542371884529246
"c10.loc30",0.563440127752671
"10_6775625",0.570213151139434
"c10.loc31",0.0794425878753628
"10_6815784",0.112815220707255
"c10.loc32",0.110515693187047
"c10.loc33",0.107552623251841
"14_11932152",0.107496411491198
"c10.loc34",0.188756292695238
"10_7251956",0.207381884683102
"c10.loc35",0.207884929558105
"c10.loc36",0.207654617390801
"c10.loc37",0.206392925395868
"c10.loc38",0.204094608846056
"10_7527239",0.203497531829953
"c10.loc39",0.208013468326364
"c10.loc40",0.168473320290339
"c10.loc41",0.00425532923455307
"c10.loc42",0.0858634013802089
"10_8789892",0.118462110087407
"c10.loc43",0.11760440702249
"10_9149678",0.11165076186775
"c10.loc44",0.126245911611761
"c10.loc45",0.0311795349508017
"10_9452744",0.000331914701320102
"c10.loc46",2.29474766086923e-05
"10_10285849",2.88493379230204e-06
"10_10610196",0.0124544258031634
"c10.loc47",0.0124685472444241
"10_10306263",0.0124809631826537
"c10.loc48",0.0753312511941715
"10_11553498",0.0580871653993782
"10_11441542",0.0583167666902824
"10_11379770",0.00226763776834105
"10_11589012",0.00133035263243642
"10_11291449",0.00133033428330975
"10_11167342",0.00126348739544113
"c10.loc49",0.00222560831375773
"10_12449653",0.00574614705025311
"10_12569867",0.00292463106120522
"10_12594470",0.00292775277438295
"10_12552639",0.00300121467420666
"c10.loc50",0.00529074560387954
"10_14426187",0.0144734002729265
"10_13783633",0.0071753678888129
"10_14466053",0.00773969641961259
"10_15002500",0.00773969638823502
"10_15467726",0.0146246056108339
"7_12353338",0.0284601698026563
"10_16658094",0.0284601697954656
"c10.loc52",0.125712370592076
"10_16779731",0.041982140320151
"10_18826068",0.0228769415656274
"10_18826064",0.0397270310152678
"7_12353398",0.0120606969798374
"c10.loc53",0.0232303554210489
"10_20737450",0.0320492513219861
"13_5471375",0.0320434203706768
"2_8725891",0.0320434203585407
"13_5471383",0.0320431051797883
"13_5471332",0.0320648599962681
"10_20611879",0.0320700656323396
"10_20707746",0.0320283651149182
"10_20981430",0.0319567538240406
"c10.loc54",0.0319710425627164
"10_21670072",0.0322684366868984
"13_5471339",0.012445782964619
"c10.loc55",0.0100802762564385
"10_21960308",0.00227239936366175
"c10.loc56",0.00233141066971854
"10_23225064",0.00234291984313728
"10_23054248",0.0499108333145557
"c10.loc57",0.0492448523602604
"c10.loc58",0.0480454765110068
"2_8725898",0.047779506871322
"c10.loc59",0.00688895672813317
"c10.loc60",0.0117293060194044
"c10.loc61",0.086560447360803
"10_18476283",0.148240736989592
"11_1163932",0.067622750900405
"11_1126416",0.0662699884811246
"11_1115551",0.0662658170114341
"c11.loc1",0.0477770789115368
"c11.loc2",0.0263275805650096
"c11.loc3",0.0109085129074984
"c11.loc4",0.00217572122787857
"11_1894334",0.00173601568178583
"11_1986937",0.00334590104080235
"11_1986918",0.00334590104164789
"c11.loc5",0.00405454124087612
"c11.loc6",0.00761677053693433
"c11.loc7",0.0119292232545618
"11_2786379",0.0135523947619305
"11_2567246",0.0124827901753548
"11_2635800",0.0125439138093242
"c11.loc8",0.0124772530837021
"11_2641316",0.0124580796632685
"11_2824566",0.0130226580041537
"c11.loc9",0.00121716546342299
"11_3203201",0.0274381334918843
"11_3203200",0.0209812719541205
"c11.loc10",0.0244475240944979
"c11.loc11",0.11512884335658
"11_3397963",0.194639370238569
"c11.loc12",0.104339913863463
"11_3512096",0.0379842338300307
"c11.loc13",0.0405258031640372
"c11.loc14",0.0450335312930292
"c11.loc15",0.0496618847588763
"11_3881659",0.05264756211254
"c11.loc16",0.141984490803807
"11_3960142",0.0108553342019491
"c11.loc17",0.0104344045874782
"11_3961147",0.0103926776599792
"11_3968886",5.44811873055551e-05
"c11.loc18",0.0003573828946557
"c11.loc19",0.00247993466312835
"c11.loc20",0.00635058981503533
"11_4262470",0.00971968646432941
"c11.loc21",0.00683011054471194
"c11.loc22",1.51309907181485e-06
"c11.loc23",0.019302710943883
"11_5248499",0.0413523442926262
"c11.loc24",0.0428400423741522
"c11.loc25",0.0505572124254599
"c11.loc26",0.05504781372548
"c11.loc27",0.0511503895718519
"c11.loc28",0.0391837071665293
"c11.loc29",0.025951980610337
"c11.loc30",0.0160022432796865
"c11.loc31",0.009633105620658
"c11.loc32",0.00576633439097662
"c11.loc33",0.00343768477050332
"11_7658208",0.00241476162527476
"c11.loc34",0.00238384942199588
"c11.loc35",0.00227352711858941
"c11.loc36",0.00214107473431113
"c11.loc37",0.00199048042615857
"c11.loc38",0.00182692877370272
"c11.loc39",0.00165621108853031
"11_8491093",0.00159446485548642
"c11.loc40",0.00321400904992686
"c11.loc41",0.00689387132763386
"c11.loc42",0.0119077337583562
"11_10139335",0.0136036127260653
"11_10200766",0.0237219252637573
"11_10723619",0.0284653519452718
"c11.loc43",0.0154111815416655
"11_10098037",0.00263551613385005
"11_11180265",0.000220125650926661
"c11.loc44",0.0024116350736989
"13_27900927",0.00292082835475327
"c11.loc45",0.00283199079301255
"16_11684841",0.0027626687022746
"c11.loc46",0.00820438361665055
"11_12400032",0.0128276680876453
"c11.loc47",0.0217999868735816
"11_15610309",0.0327430088984073
"11_13317200",0.0556586288107965
"c11.loc48",0.038623178170262
"c11.loc49",0.0393795118685816
"c11.loc50",0.281807706889786
"11_16950881",0.259893600685182
"11_16950921",0.261308681143831
"11_16994412",0.238154589711968
"c11.loc51",0.242954606074626
"c11.loc52",0.265416842401294
"11_17389325",0.266093014749273
"11_17717016",0.290183355797218
"c11.loc53",0.281067798438883
"11_17754467",0.155935661410396
"c11.loc54",0.121740483811735
"11_18049437",0.0684579384455901
"c11.loc55",0.0847696650368803
"c11.loc56",0.104297293173722
"c11.loc57",0.122585559253302
"c11.loc58",0.139246213873861
"11_18420076",0.147210710016381
"c11.loc59",0.138199735389271
"c11.loc60",0.0881190810234571
"c11.loc61",0.00606165772924783
"11_18826423",3.19455906350186e-06
"c11.loc62",0.0061463093062244
"11_19011905",0.00713465294576565
"11_19116758",0.0068590396857573
"c11.loc63",0.0137384189180381
"11_19250220",0.0349500319653302
"c11.loc64",0.123216103267872
"11_19921290",0.227625044683357
"11_19776604",0.227625044688629
"c11.loc65",0.295329019238309
"11_19642439",0.347353451072088
"15_12434095",0.341148321305653
"c12.loc1",0.338952124324344
"c12.loc2",0.335914543205242
"c12.loc3",0.331840572349542
"c12.loc4",0.326499884629378
"c12.loc5",0.319626067406645
"c12.loc6",0.310920124449176
"c12.loc7",0.30006115849671
"c12.loc8",0.286727980631078
"c12.loc9",0.27063565728983
"c12.loc10",0.251589786599993
"c12.loc11",0.229557369069475
"c12.loc12",0.204745598625102
"c12.loc13",0.177669529356045
"c12.loc14",0.149180451328398
"12_978329",0.123790632739066
"c12.loc15",0.177147644059382
"12_929948",0.133275777819939
"c12.loc16",0.151731438424349
"c12.loc17",0.184854157658947
"c12.loc18",0.212655917339511
"c12.loc19",0.232767066991109
"12_1419004",0.234019897256644
"c12.loc20",0.224806476056145
"c12.loc21",0.214453007318625
"c12.loc22",0.203795448414326
"c12.loc23",0.192891603639566
"c12.loc24",0.181806091392858
"c12.loc25",0.170609100752444
"c12.loc26",0.159374849479917
"12_2334526",0.148335918168137
"c12.loc27",0.148572756534968
"c12.loc28",0.0860202858756622
"c12.loc29",0.0824839886510631
"12_2403026",0.0908242959608998
"12_2469104",0.0569536433646363
"12_2981790",0.0560369964394454
"c12.loc30",0.0627368688704024
"12_3105811",0.0768648462407526
"12_3110039",0.00037161860883117
"12_3179312",0.000331971793904984
"c12.loc31",0.000454971406369964
"12_3447252",0.000634488635618879
"12_3447346",0.0141209984591484
"12_3699557",0.0143200041989857
"12_3019711",0.0259749008025096
"c12.loc32",0.0260294969709065
"c12.loc33",0.0261872178481468
"c12.loc34",0.0263053240639053
"c12.loc35",0.0263850016088938
"c12.loc36",0.0264278173773462
"12_4613176",0.0264351569122354
"c12.loc37",0.00121206350203096
"c12.loc38",0.0887346491384235
"12_5294374",0.0844429123134063
"c12.loc39",0.0934635319700163
"c12.loc40",0.105838665432991
"12_5896657",0.107696932403343
"c12.loc41",0.116701810633103
"c12.loc42",0.128555682228566
"c12.loc43",0.14174078546899
"c12.loc44",0.156398180686381
"c12.loc45",0.172675729054376
"c12.loc46",0.190724544625589
"c12.loc47",0.210693598167175
"c12.loc48",0.232721996356005
"c12.loc49",0.25692849585446
"12_7196407",0.271815084637595
"c12.loc50",0.184363713538403
"12_7330666",0.175626736784359
"12_7244381",0.173056442614595
"12_7358119",0.172998938554166
"12_7335993",0.230336788504097
"12_7493227",0.231322032599259
"12_7477385",0.231465963176973
"12_7475661",0.23146596320575
"c12.loc51",0.231793181233222
"c12.loc52",0.223164727478746
"12_7624197",0.209788919495622
"c12.loc53",0.29340073060699
"c12.loc54",0.0143688401253712
"12_8349621",0.0212610668229374
"15_6360197",0.0208286614516879
"c12.loc55",0.0607347495130455
"c12.loc56",0.156399143250397
"12_8818263",0.222692582412215
"12_8947470",0.222692588479042
"c12.loc57",0.284531026414534
"12_9516170",0.315532219423993
"17_18379544",0.0647924099363095
"c12.loc58",0.0704788451975205
"c12.loc59",0.0997394908595126
"18_733003",0.100230991135852
"12_14664264",0.201462110598001
"c12.loc60",0.200834531952239
"c12.loc61",0.19977271710426
"12_15504477",0.199415717276885
"c12.loc62",0.22176994912364
"12_15850063",0.261404208493865
"12_16125941",0.239790567409855
"c12.loc63",0.193260635266732
"12_16572773",0.125422484605778
"12_16438432",0.110130896722424
"12_18695236",0.0344547262589359
"12_18695326",0.0346565105247905
"12_18681104",0.034656510591951
"c12.loc65",0.0347240166893528
"12_19084187",0.034364428182954
"12_19784289",0.03600381079643
"12_19084193",0.290476203005632
"c12.loc66",0.290377720993071
"c12.loc67",0.282509585170878
"c12.loc68",0.275264625029479
"12_12560779",0.274028618397686
"c12.loc69",0.266447936863713
"c12.loc70",0.250432847943877
"c12.loc71",0.227954176337448
"c12.loc72",0.201118492849176
"12_17488466",0.195968826039355
"c12.loc73",0.241489044386505
"c12.loc74",0.305885644321179
"c12.loc75",0.379646344504934
"c12.loc76",0.461708323239691
"c12.loc77",0.550058696808371
"c12.loc78",0.641751650368299
"c12.loc79",0.733137360000811
"c12.loc80",0.820301872403171
"c12.loc81",0.899626302179037
"c12.loc82",0.968303546395852
"c12.loc83",1.02465601922912
"c12.loc84",1.06818432056068
"c12.loc85",1.09938706882314
"12_22693791",1.11060114665747
"13_140385",0.171098876590634
"13_356900",0.676019744753468
"13_162256",0.643555878910298
"c13.loc1",0.621034503643585
"13_604670",0.581601356381725
"c13.loc2",0.459938011034382
"13_565207",0.308620996785869
"13_1065337",0.281323160615585
"c13.loc3",0.278311600776483
"13_823167",0.277515637080946
"13_869743",0.117864609159199
"c13.loc4",0.103625788456618
"13_1324279",0.102427675417893
"13_1598802",0.102743409500974
"c13.loc5",0.00302922139582762
"13_1794138",0.0397760488481964
"13_1806897",0.0397667601948939
"13_1962259",0.0452120888847745
"c13.loc6",0.0435137125857494
"c13.loc7",0.0391400194359974
"c13.loc8",0.0334297291964205
"c13.loc9",0.0263362468800494
"13_3077997",0.0196899087911007
"13_2952137",0.0282190165954432
"13_2952132",0.0282190165944343
"15_11266966",0.0484697870281536
"c13.loc11",0.0632684370006302
"c13.loc12",0.0956869530689133
"13_3570968",0.122605317273432
"c13.loc13",0.134752743215657
"c13.loc14",0.200029387825062
"c13.loc15",0.196605865590627
"13_3806593",0.185239961887561
"c13.loc16",0.185142381463834
"c13.loc17",0.140585315946829
"c13.loc18",0.0950655808165806
"c13.loc19",0.0643969308455041
"c13.loc20",0.0453481717235391
"13_4498222",0.0371112523181125
"c13.loc21",0.0433724478835344
"13_4586207",0.0599834012314844
"c13.loc22",0.0603176276100896
"13_4610235",0.0608478054373052
"c13.loc23",0.106464027671613
"c13.loc24",0.199997572218585
"c13.loc25",0.363040079480946
"13_4932145",0.497952502927582
"c13.loc26",0.385183757854556
"c13.loc27",0.205418988254699
"13_4986214",0.189192653133205
"c13.loc28",0.112796985608391
"13_5276826",0.0624056376352726
"13_5255723",0.0355078167620064
"c13.loc29",0.0370938290340206
"c13.loc30",0.0593652587375999
"c13.loc31",0.0957713077741431
"c13.loc32",0.153546908854231
"c13.loc33",0.234674226918138
"c13.loc34",0.316153048456201
"c13.loc35",0.348675381556255
"c13.loc36",0.319484375083377
"c13.loc37",0.265061711282641
"c13.loc38",0.213943926388907
"6_14512838",0.193886986886071
"c13.loc39",0.189873765593774
"c13.loc40",0.178971214689795
"c13.loc41",0.161335751129549
"c13.loc42",0.1332649949493
"c13.loc43",0.0918450464783405
"13_8989360",0.0734777342201696
"c13.loc44",0.294617475090519
"13_9501435",0.334693639436288
"c13.loc46",0.297895056817985
"c13.loc47",0.258915192302076
"13_26948388",0.255520820387886
"13_14163869",0.399892150676777
"13_14380095",0.390716769940298
"c13.loc48",0.37807878953366
"c13.loc49",0.110045913155247
"c13.loc50",0.203581252098388
"13_18523593",0.284833198581801
"c13.loc51",0.200330204071193
"13_19655621",0.190463667357989
"10_13467454",0.396524061558871
"13_16256792",0.35892772921212
"4_8216601",0.358713913081253
"13_18364012",0.592542089278382
"c13.loc52",0.571725199787707
"13_18394324",0.556941039520495
"13_18442717",0.557317220277369
"13_18428906",0.728647746293007
"13_18395415",0.735142560045233
"13_18442724",0.746151339933554
"13_15184627",0.746004245459964
"c13.loc53",0.595560080401064
"13_18442742",0.585485687891392
"18_25163018",0.494919720053765
"c13.loc54",0.456405466720199
"13_18443304",0.391622614284735
"c13.loc55",0.369337333132833
"c13.loc56",0.234916249028885
"c13.loc57",0.121127953525345
"13_18015965",0.0720549457145623
"c13.loc58",0.0669667476079354
"c13.loc59",0.054934190041763
"c13.loc60",0.0428171112690947
"c13.loc61",0.0312337905379536
"c13.loc62",0.0208447352925063
"c13.loc63",0.0122418256551882
"c13.loc64",0.0058411889376373
"c13.loc65",0.00181764531783557
"2_16557251",0.000217362001137644
"14_788160",0.012179244545564
"c14.loc1",0.0150317657704022
"14_789628",0.0165951844828669
"c14.loc2",0.0194790106203939
"c14.loc3",0.0278919919348297
"c14.loc4",0.0406009853398999
"c14.loc5",0.0596078018949271
"c14.loc6",0.086259362621476
"c14.loc7",0.117228395624913
"c14.loc8",0.139735617498999
"c14.loc9",0.140318184505048
"c14.loc10",0.122556051150269
"c14.loc11",0.0997267927622119
"c14.loc12",0.0796858954200843
"c14.loc13",0.0641864609623184
"c14.loc14",0.0526312722305775
"14_2427325",0.0519050166053532
"c14.loc15",0.0600283492946758
"c14.loc16",0.0697363229586898
"c14.loc17",0.0804368794744121
"c14.loc18",0.0921326943116512
"c14.loc19",0.104803097188096
"c14.loc20",0.118400521429294
"c14.loc21",0.13284786836244
"c14.loc22",0.148037251585819
"c14.loc23",0.163830544791622
"c14.loc24",0.180062036027714
"c14.loc25",0.196543290073528
"c14.loc26",0.213070057867078
"c14.loc27",0.229430787282809
"c14.loc28",0.245416037514012
"c14.loc29",0.260827936261499
"c14.loc30",0.275488786535078
"c14.loc31",0.289248040821754
"c14.loc32",0.301987092661555
"c14.loc33",0.313621638640271
"c14.loc34",0.324101673699261
"c14.loc35",0.333409441408897
"c14.loc36",0.34155583073121
"c14.loc37",0.348575780268547
"c14.loc38",0.354523231635042
"c14.loc39",0.359466091217364
"14_17769206",0.359798417537199
"c14.loc40",0.305320425614362
"c14.loc41",0.177226067366114
"c14.loc42",0.00151811382390576
"c14.loc43",0.194724851516902
"c14.loc44",0.372695138282545
"c14.loc45",0.431009430788706
"14_21742023",0.444257305402616
"14_21640995",0.431920883177824
"c14.loc46",0.431068075072915
"14_22044025",0.420728571736234
"14_22370251",0.152801414111401
"c14.loc47",0.152818331390833
"14_22615934",0.153231758315712
"14_22624839",0.108575034642904
"c14.loc48",0.112900946964309
"14_23172805",0.116403739028023
"14_22847911",0.11151108751956
"14_23019416",0.114601351790434
"14_22959921",0.273713602064632
"14_22894022",0.325703287420112
"14_22370253",0.325703287324046
"c14.loc49",0.301848144415715
"14_23352956",0.255959837263092
"c14.loc50",0.268323003319033
"c14.loc51",0.295551464678283
"14_23880342",0.323046085419847
"c14.loc52",0.309866401736947
"14_23909249",0.207252107482631
"14_24204390",0.220249419987027
"c14.loc53",0.224996036525482
"14_24890333",0.289681534456449
"14_25272508",0.373621524518605
"c14.loc54",0.416760156583486
"14_25092532",0.34751714427648
"c14.loc55",0.346282364776926
"c14.loc56",0.344999910921693
"c14.loc57",0.343747031368473
"c14.loc58",0.342524001416493
"c14.loc59",0.341330995983846
"c14.loc60",0.340168097809062
"c14.loc61",0.339035305314596
"c14.loc62",0.337932540114849
"c14.loc63",0.336859654153621
"c14.loc64",0.335816436465414
"c14.loc65",0.334802619555965
"c14.loc66",0.333817885404741
"c14.loc67",0.33286187109195
"c14.loc68",0.331934174059491
"c14.loc69",0.331034357013003
"c14.loc70",0.330161952478065
"18_8615788",0.329313970553358
"c14.loc72",0.307320467995837
"c14.loc73",0.283645157740978
"c14.loc74",0.258503916380576
"c14.loc75",0.232142457156719
"c14.loc76",0.204909581408209
"c14.loc77",0.177258697470059
"c14.loc78",0.149738008308745
"c14.loc79",0.122967262450103
"c14.loc80",0.0976012004599838
"c14.loc81",0.074282801315853
"c14.loc82",0.0535923303350501
"c14.loc83",0.0359999867363143
"c14.loc84",0.0218298532126511
"c14.loc85",0.0112407245948916
"c14.loc86",0.00422587052192824
"c14.loc87",0.00062999706295841
"c14.loc88",0.000178738286265911
"c14.loc89",0.00251460727594122
"c14.loc90",0.00723352451480963
"c14.loc91",0.0139173813914866
"18_30394020",0.0160532465577177
"15_584182",0.000755284998362526
"c15.loc1",0.00276880431049165
"c15.loc2",0.017355408415213
"15_1295408",0.0283399878415764
"c15.loc3",0.0296742789859366
"7_24118155",0.0311267743451964
"11_9111461",0.0308521816265426
"c15.loc4",0.0310068764431932
"7_24118186",0.0311709452693307
"7_24118142",0.0312827864440237
"7_24118140",0.0312522982467556
"1_2235327",0.0311612260033627
"15_623717",0.0307443112513184
"c15.loc5",0.0200950610332313
"15_1566689",0.0136801900748083
"1_18231603",0.0137286582169338
"c15.loc6",0.0231337857923677
"15_8526421",0.0557371742391126
"c15.loc7",0.054987956164922
"4_2353337",0.0229628343155781
"15_8116244",0.0118233049685159
"15_8116687",0.00573752035635522
"c15.loc8",0.00723385603272675
"3_20635769",0.0149212831565819
"c15.loc9",0.0214963168361635
"15_10755949",0.0296857517601481
"15_10442826",0.000989702821186711
"15_10756104",0.000994550806197481
"15_10186090",0.000974955188205229
"15_10186035",0.000973885850108047
"c15.loc10",0.000968805824548724
"15_10186056",0.000964081869362587
"c15.loc11",4.351055312668e-05
"15_11136572",4.78773262742038e-05
"15_11421756",0.0187815837776384
"c15.loc12",0.017238849510484
"c15.loc13",0.0117300097232658
"c15.loc14",0.00716112472534292
"c15.loc15",0.00368177175668905
"c15.loc16",0.00136137391432101
"15_12062802",0.000952408360710422
"c15.loc17",0.00100574529421493
"c15.loc18",0.00105380498871455
"c15.loc19",0.00107025642996916
"15_12895307",0.00106874038876725
"c15.loc20",0.00148637468870305
"c15.loc21",0.00223733738940268
"c15.loc22",0.00313915375881635
"c15.loc23",0.00417421919203775
"c15.loc24",0.00531652017634343
"15_14533795",0.00575155222246337
"c15.loc25",0.00875246185704981
"c15.loc26",0.000404621430647012
"15_14731292",0.000215734590760519
"c15.loc27",0.00478804541174327
"15_14731291",0.00912623831163017
"15_14769191",0.00171905486787693
"c15.loc28",0.0017478388831762
"c15.loc29",0.00278181375708897
"c15.loc30",0.00415638991505318
"c15.loc31",0.00588983764007622
"15_15021372",0.00748857279845794
"15_15021617",0.0326706619191981
"15_15021352",0.0327126278378884
"c15.loc32",0.0327115165758585
"15_15021354",0.0327092014797401
"15_15178910",0.0177020760146647
"c15.loc33",0.0174334633571931
"c15.loc34",0.0108465145120249
"c15.loc35",0.00430233537037594
"c15.loc36",0.000160441180270254
"15_16029159",0.000842499626976689
"15_16040730",0.00305813369168817
"c15.loc37",0.00213225751996049
"c15.loc38",0.00280101350367801
"c15.loc39",0.0290640343040707
"c15.loc40",0.0745929718786016
"c15.loc41",0.113334041855282
"c15.loc42",0.134780778073058
"c15.loc43",0.143909564275496
"15_17244726",0.146337721190548
"c15.loc44",0.135909367576353
"c15.loc45",0.0997310729966685
"c15.loc46",0.0669007708307916
"15_17070863",0.0607070772251603
"c15.loc47",0.210885250059661
"15_17483645",0.0294683754546696
"c15.loc48",0.0250507268954863
"c15.loc49",0.0105340962478451
"15_17430418",0.00844589048980282
"c15.loc50",0.0169534648628371
"15_17643598",0.0188925403035611
"15_17988326",0.0139227668656687
"c15.loc51",0.0132027730352817
"15_18026300",0.0117436024044721
"c15.loc52",0.00874448767439162
"15_18206886",0.00713972636241067
"c15.loc53",0.00740971757821285
"15_18370664",0.00756610533429836
"c15.loc54",0.00519463214026672
"c15.loc55",0.0837790662894236
"c15.loc56",0.0579681048999348
"15_18517444",0.0555326597509733
"c15.loc57",0.0859244282357494
"15_18608900",0.0981398403063523
"c15.loc58",0.0955875023971373
"c15.loc59",0.0916205852034011
"15_18878924",0.0901531262440045
"15_18842271",0.00114874017212685
"c15.loc60",0.000757127771677801
"c15.loc61",0.000246933625000167
"c15.loc62",1.68678580791948e-05
"15_20179402",2.23125697758064e-05
"c15.loc63",0.0110460884791337
"15_9531842",0.0136405244284958
"15_20179424",0.0138637799238168
"15_20170942",0.010075884440198
"15_20030090",0.0098581945769638
"c15.loc64",0.0219928997650456
"c15.loc65",0.114819053685075
"15_19735466",0.186895526399006
"16_157517",0.0694163973911301
"16_455568",0.255030608349536
"c16.loc1",0.238071732328393
"c16.loc2",0.193882743923822
"c16.loc3",0.147367952878902
"16_1261805",0.146354933629453
"16_1333864",0.112881512728883
"c16.loc4",0.0948813050422999
"c16.loc5",0.0696926517165224
"16_1892455",0.0596189383534593
"16_1746297",0.0565317591486831
"c16.loc6",0.0706202102356386
"16_1892475",0.107862230835323
"16_1969901",0.00772501378190071
"16_2379655",0.0185247899241006
"c16.loc7",0.0984421561407274
"16_2385727",0.285169623352843
"16_2379703",0.28281985762073
"c16.loc8",0.125796995002133
"16_2745439",0.00528491371738937
"c16.loc9",0.00418436206712869
"c16.loc10",0.00256568155192838
"16_2848590",0.00144188610459395
"c16.loc11",0.00143956483911012
"c16.loc12",0.0014129677313548
"16_6132138",0.00138735129158363
"c16.loc13",0.000824974958405278
"12_9628169",0.188806349887393
"c16.loc14",0.189600268908187
"16_6692998",0.189718728168074
"16_7987236",0.0284095477311439
"16_8000271",0.024130689404231
"16_7987237",0.0271772999544666
"c16.loc15",0.0164390786927626
"16_8286852",0.014337428612059
"16_8826314",0.0147889351531987
"16_8826303",0.0147889351503849
"16_12759313",0.0147895999635708
"c16.loc16",0.603361637841552
"16_13270028",0.0984149984149667
"16_12991446",0.0983045068496651
"18_2673641",0.0983045068460555
"16_12991399",0.0994227484064609
"c16.loc17",0.0957952823856303
"c16.loc18",0.0590017869947701
"c16.loc19",0.0304266383866576
"c16.loc20",0.0110504888592757
"c16.loc21",0.0012983505563966
"16_14618393",0.00035527004125413
"c16.loc22",0.000782930905714352
"c16.loc23",0.00161516974847586
"14_29773707",0.00172107817328282
"16_15267213",0.0167626872681126
"16_15782111",0.0166563866791805
"c16.loc24",0.00763895092645583
"16_15758000",0.000103298323011813
"c16.loc25",0.010612016506883
"c16.loc26",0.0771790131235406
"16_16104084",0.0875659726999203
"16_16131634",0.0876471984575957
"c16.loc27",0.452517804439282
"16_16802809",0.673094859753704
"c16.loc28",0.638676726353488
"16_16925966",0.614631156010795
"16_16473163",0.622158218903579
"16_16925729",0.391686758051833
"16_16501694",0.368433060136105
"c16.loc29",0.366339597408448
"c16.loc30",0.360339388555992
"c16.loc31",0.351516308232696
"c16.loc32",0.339769001445667
"c16.loc33",0.325146722703607
"c16.loc34",0.307868022056816
"c16.loc35",0.288317587584878
"c16.loc36",0.267018684138911
"c16.loc37",0.244584969882467
"c16.loc38",0.221661046360524
"c16.loc39",0.198863555697471
"c16.loc40",0.176733205050404
"c16.loc41",0.155703869549598
"16_19163230",0.155357887755152
"c16.loc42",0.178141637140946
"c16.loc43",0.19980698472547
"16_19341592",0.215809096956434
"c16.loc44",0.214643448144706
"c16.loc45",0.206524115631169
"c16.loc46",0.196236354275513
"c16.loc47",0.183886296926559
"c16.loc48",0.16974230085836
"c16.loc49",0.1542237105797
"c16.loc50",0.137860917444542
"c16.loc51",0.121234131349027
"c16.loc52",0.104905489488097
"16_22011457",0.0927991924295242
"c16.loc53",0.10637904397624
"16_22011402",0.138264049146109
"c16.loc54",0.0993409432388148
"c16.loc55",0.00215028342948642
"c16.loc56",0.541086675002518
"c16.loc57",0.491828121371555
"16_22941421",0.461446437994873
"c16.loc58",0.442559474099085
"16_22799541",0.419669066898742
"c16.loc59",0.314100126896832
"16_22866474",0.536877506873104
"c16.loc60",0.536566636686551
"16_22987098",0.53596685077855
"16_22920672",0.503792922256316
"16_23083281",0.503792922329289
"16_23165275",0.502389992530716
"16_23286165",0.635330992527841
"16_22904679",0.668202895499512
"c16.loc61",0.675221318481277
"16_22941350",0.670317651761195
"c16.loc62",0.861847496115004
"c16.loc63",1.07221570979367
"16_22788989",1.07851037759238
"c16.loc64",1.07284008908222
"c16.loc65",1.02352912082137
"c16.loc66",0.963317252172061
"16_22831506",0.959331830211028
"17_1417093",0.0132106157212704
"17_1438660",0.242698499310997
"c17.loc1",0.241759818760443
"c17.loc2",0.23820762790136
"c17.loc3",0.234664703849191
"17_1975198",0.233720954756592
"c17.loc4",0.428585470831628
"17_2342835",0.547574094021137
"c17.loc5",0.60977011300978
"c17.loc6",0.685071565558424
"c17.loc7",0.739239753609304
"17_3203160",0.759270288779156
"c17.loc8",0.675654691217019
"17_3203223",0.657707373284502
"c17.loc9",0.681435020261858
"c17.loc10",0.661639723061903
"17_3342329",0.636660268235367
"c17.loc11",0.00773953959647145
"17_3326415",0.0298192966619979
"c17.loc12",0.0299434493388517
"c17.loc13",0.0299711971565557
"c17.loc14",0.0298927423596353
"c17.loc15",0.0297121539674237
"c17.loc16",0.0294357478898277
"c17.loc17",0.0290716977514123
"c17.loc18",0.0286295736239879
"c17.loc19",0.0281198525254638
"c17.loc20",0.0275534413528717
"17_4680459",0.0270624625889013
"c17.loc21",0.0269090083245089
"17_4662348",0.0261027597062551
"17_4705953",0.286445217834391
"17_4956753",0.288295086632097
"c17.loc23",0.288000248516646
"17_4956656",0.282916734587772
"17_5274825",0.364379196702686
"c17.loc25",0.348611459700649
"c17.loc26",0.248704065562649
"c17.loc27",0.000397432571922707
"c17.loc28",0.167816471631895
"c17.loc29",0.254503449040122
"17_6070934",0.27267229952281
"c17.loc30",0.282745379483352
"17_6188141",0.286320049967365
"17_6188116",0.00242825817618098
"c17.loc31",0.00146369076617958
"c17.loc32",0.000314634406265668
"17_6321831",0.000104754292557629
"17_6321866",0.101223517630935
"c17.loc33",0.0950764086678859
"c17.loc34",0.0800058284513057
"c17.loc35",0.0663619632333976
"c17.loc36",0.0542806874236348
"c17.loc37",0.0437892377423523
"c17.loc38",0.0348331300330074
"c17.loc39",0.0273035878950623
"9_5597458",0.0262288446071182
"c17.loc40",0.0346389822561548
"c17.loc41",0.0466082009420106
"17_8037279",0.0562397307738181
"c17.loc42",0.0570001479091431
"c17.loc43",0.0531039377046056
"17_7638933",0.0400044242347661
"c17.loc44",0.0436944915561241
"17_8305398",0.047621714025702
"17_8072555",0.173798437673852
"c17.loc45",0.183563193251892
"c17.loc46",0.197860222856022
"c17.loc47",0.21125863821667
"c17.loc48",0.223559087363043
"c17.loc49",0.23461862228676
"c17.loc50",0.244353310509787
"c17.loc51",0.25273527785513
"c17.loc52",0.259785504805478
"c17.loc53",0.265564074282835
"17_11143956",0.267434773568752
"c17.loc54",0.245229679807849
"14_1062270",0.240336623112938
"17_13853401",0.248871594434718
"c17.loc55",0.246714090601849
"17_12823809",0.232402402448841
"17_14324035",0.232402399800641
"17_13830724",0.226583579870784
"17_11826776",0.226767338734682
"17_14473090",0.299861186516196
"17_11667467",0.252439760982597
"c17.loc56",0.252578321379623
"17_11143952",0.253100798407466
"17_11116954",0.222166055395142
"17_11143079",0.222121767503076
"17_11302767",0.222348764299781
"17_10742594",0.221167534894725
"17_10615072",0.135859098952416
"c17.loc58",0.157796769953286
"17_10264975",0.399887453500902
"c17.loc59",0.203218014565437
"17_10049130",0.0419894084471792
"c17.loc60",0.0381492931323066
"17_10144584",0.0376613210393941
"c17.loc61",0.0526692854768314
"c17.loc62",0.000539810167992982
"17_10144597",0.00232593686776283
"c17.loc63",0.0020815298779695
"17_10144636",0.00183805727620268
"18_324293",0.0757308757102493
"c18.loc1",0.0790745252657317
"18_579797",0.081527917615368
"c18.loc2",1.38798113818012
"18_618487",0.811434125775016
"18_828637",0.815186848901867
"18_836242",0.547611898516728
"c18.loc3",0.559205128925143
"18_1309328",0.612089342352689
"c18.loc4",0.589432843396587
"18_1431949",0.531869242685289
"c18.loc5",0.905880287847211
"18_1494233",0.916470755072041
"c18.loc6",0.794369092468251
"18_2127192",0.620534850829053
"c18.loc7",0.671071010533048
"c18.loc8",0.939404901727407
"18_2411542",1.02787191552193
"18_2451204",1.03508842388759
"c18.loc9",1.02282570525525
"c18.loc10",0.74687747420041
"c18.loc11",0.0270758183688287
"c18.loc12",1.12194334343415
"c18.loc13",1.26154971163591
"18_3204282",1.26543993147097
"18_3434842",1.26396673067906
"c18.loc15",1.5416866160058
"18_3969218",1.88683923292525
"18_3929237",1.88683923289926
"c18.loc16",2.03664564148392
"c18.loc17",2.86139096833526
"c18.loc18",2.28388031673788
"18_4242136",0.479539112532521
"18_4242113",0.479539112601863
"c18.loc19",0.436417516491488
"18_4722205",0.0986689349033512
"18_4745279",0.144960656987628
"c18.loc20",0.0765581079945292
"c18.loc21",0.0133504568181806
"c18.loc22",0.116600120532631
"18_5579688",0.155193576587962
"18_5497681",0.155193752723612
"c18.loc23",0.127802752258255
"18_5751362",0.115665608460162
"18_5751342",0.115665606621413
"18_5772976",0.107167683772907
"18_6314445",0.027169902519077
"c18.loc24",0.0294953416444201
"18_6217818",0.0319221397864453
"18_6314471",0.0554241747718223
"18_6012747",0.0560803655605824
"c18.loc25",0.0248520294964791
"c18.loc26",0.00776447409543124
"c18.loc27",0.166953344759165
"18_6960348",0.198884252856502
"c18.loc28",0.198860667705766
"c18.loc29",0.19364174435848
"c18.loc30",0.175072589886682
"c18.loc31",0.134084797209702
"c18.loc32",0.0737533760424469
"18_7537686",0.0589002747152705
"c18.loc33",0.107054039350558
"18_7985014",0.0993592388086029
"c18.loc34",0.0886632775394744
"18_8085976",0.0327318051441097
"c18.loc35",0.0294308051298557
"18_8277038",0.0151521332991464
"c18.loc36",0.211484993545909
"18_8194661",0.13484525223685
"c18.loc37",0.124102002746731
"c18.loc38",0.105444181275438
"c18.loc39",0.0846421190893878
"18_8777894",0.0827362291252811
"18_9346614",0.102392762546913
"18_8699674",0.0297478215793632
"c18.loc40",0.0276974399125933
"c18.loc41",0.00390503020873467
"c18.loc42",0.116785207698385
"c18.loc43",0.102966027981068
"18_10047642",0.0918188466951477
"c18.loc44",0.0903145372833052
"c18.loc45",0.0866619208141231
"c18.loc46",0.0827237927305688
"18_10262453",0.0817516761427299
"c18.loc47",0.0638572653041223
"c18.loc48",0.0591167423360517
"c18.loc49",0.0929373532493685
"18_11386975",0.0933545316351712
"c18.loc50",0.0818874442499435
"c18.loc51",0.0687515326250008
"18_11630980",0.064570484239475
"c18.loc52",0.187081463320112
"18_11898340",0.39228515499353
"c18.loc53",0.887700569860101
"18_12003070",0.000905841098294502
"c18.loc54",1.15397870814604e-06
"c18.loc55",0.00160991255739162
"18_12438733",0.00173268368549628
"18_12534875",0.00212750767481396
"c18.loc56",0.00361366802565755
"c18.loc57",0.00905612146687673
"18_13366020",0.0109168470086587
"18_12964756",0.0195885523016202
"18_12996420",0.0211027043721614
"c18.loc58",0.0213027926505518
"c18.loc59",0.0240670555974134
"c18.loc60",0.0269956363561263
"c18.loc61",0.0241053297727944
"c18.loc62",0.00847929415380833
"18_14371273",0.00408034268237145
"c18.loc63",0.0004331752179354
"c18.loc64",0.00341601917426715
"c18.loc65",0.0117210137659143
"c18.loc66",0.0167422104298325
"18_18139384",0.018698759599495
"c18.loc67",0.0183233845144528
"c18.loc68",0.0164364861764525
"c18.loc69",0.0137819663822611
"c18.loc70",0.0101805931986689
"c18.loc71",0.0058063571735758
"18_21230127",0.00359273966313367
"c18.loc72",0.00750625838714569
"c18.loc73",0.00873377112676366
"18_21334642",0.00858275732654334
"c18.loc74",0.0131571116425491
"18_22194501",0.0187943988571817
"18_22297665",0.0293447204157218
"c18.loc75",0.0300421457013513
"18_22203144",0.0428982645971345
"c18.loc76",0.0754641228287625
"c18.loc77",0.00861755764000804
"18_22644155",0.0097834248975488
"c18.loc78",0.000910681234820743
"18_22988807",0.000724528426090387
"c18.loc79",0.00102505289343213
"c18.loc80",0.00137247179425515
"18_23783676",0.00145036644082808
"5_19945775",0.0209419304958445
"c18.loc81",0.0208449253604499
"18_25133870",0.02050376334752
"c18.loc82",0.00716270017696985
"c18.loc83",0.0447137311226911
"18_26379096",0.0436097723511111
"18_26379031",0.0603129518246632
"18_26379028",0.0531859576243292
"4_5602625",0.053185954286505
"c18.loc84",0.0184472467856338
"18_7980299",0.0161500519233186
"11_13522588",0.0161500511361439
"18_27884812",0.00752898799795076
"c18.loc85",0.0197809932042929
"c18.loc86",0.0489235766001528
"c18.loc87",0.0856077405254823
"18_30104235",0.0915640348075044
"18_30236055",0.0448922974239423
"c18.loc88",0.0575586683186486
"18_30633102",0.0602209862011591
"18_30983069",0.0601274877722631
"18_31643827",0.101647624424899
"18_31196694",0.101781422218956
"c18.loc89",0.0902644129341752
"c18.loc90",0.0217388611978251
"18_31624802",0.110941957123224
"c18.loc91",0.110399186258114
"c18.loc92",0.0839686650912128
"c18.loc93",0.0573439991933995
"c18.loc94",0.0381673441838117
"18_33541595",0.0339289475147808
"18_34196269",0.249284129479506
"c18.loc95",0.244935124668828
"c18.loc96",0.193101046241921
"c18.loc97",0.154042760037413
"c18.loc98",0.126000641246335
"18_32916101",0.116472711974005
"c18.loc99",0.0932072560564947
"c18.loc100",0.0564341274745601
"c18.loc101",0.0272239952519513
"c18.loc102",0.00790909107558946
"c18.loc103",0.00012236959880596
"c18.loc104",0.00445122651687058
"c18.loc105",0.0203137036133327
"c18.loc106",0.0461044677289948
"c18.loc107",0.079549476265349
"c18.loc108",0.118136950121261
"10_20190838",0.156257999097718
"19_276443",0.0783160054375074
"19_136813",0.153551293265664
"19_311288",0.153807179751929
"19_373464",0.154324976466341
"19_373415",0.154298473232082
"c19.loc1",0.117006091094012
"c19.loc2",0.588099791623733
"19_977527",0.532230929184671
"19_975503",0.53274594171458
"19_802793",0.212098918694714
"c19.loc3",0.222793388140566
"19_1064690",0.224202381982899
"c19.loc4",0.211275519363589
"c19.loc5",0.19322996481489
"c19.loc6",0.174933134683386
"c19.loc7",0.156592448969391
"19_1480246",0.15609873177219
"19_1680291",0.0934232961337571
"19_1647097",0.12885915548582
"c19.loc8",0.0968534453976417
"19_2254968",0.0555411803542398
"c19.loc9",0.0723562907904807
"19_2254967",0.0739214806542776
"19_2485359",0.000654601417984679
"c19.loc10",0.000630576382988579
"c19.loc11",0.000370375786282295
"c19.loc12",0.000163424853468541
"19_2620424",5.24216489665719e-05
"c19.loc13",0.0198212733960546
"14_7861478",0.0454800462811562
"19_2950525",0.0413748862961256
"19_2858461",0.0282177728077713
"19_2700589",0.0281785442298386
"19_2893225",0.028178544229867
"c19.loc14",0.0264142083876138
"19_3118561",0.0198466924771665
"c19.loc15",0.0215916345428084
"c19.loc16",0.036024668970839
"c19.loc17",0.0528012520009469
"19_3521182",0.0636253640728341
"c19.loc18",0.0508877677395603
"c19.loc19",0.0236443588060524
"19_3825228",0.0231320827887345
"19_3856362",0.0531121815859308
"c19.loc20",0.0570498514863473
"19_4169366",0.0579828273613145
"c19.loc21",0.0473068836122152
"19_4470797",0.0443452051000435
"c19.loc22",0.0123574566609932
"19_4595419",0.0104889750194275
"19_4808939",4.58803235332539e-05
"c19.loc23",0.000268772349627966
"c19.loc24",0.00187150480386578
"c19.loc25",0.00498697000580961
"19_5258336",0.00750266641372832
"c19.loc26",0.0110305295482789
"19_5231343",0.00920688210569409
"c19.loc27",0.00513574995510169
"c19.loc28",0.00173226821139849
"19_5427713",0.00164854258032676
"19_5544664",0.00130644684025327
"19_5641219",0.0012308392731768
"19_5641220",0.00150927877168527
"19_5641192",0.00150503412572078
"c19.loc29",0.00348544078642021
"c19.loc30",0.00945722616570777
"19_5920926",0.0102084955953927
"19_5994593",0.0105625471369777
"19_6156679",0.0114024626905618
"19_6179023",0.0116486082836076
"c19.loc31",0.0109902563449609
"19_6246524",0.0016845323013257
"19_6294575",0.00279365371935114
"c19.loc32",0.503524423204908
"19_6523035",0.0966067068650389
"c19.loc33",0.0981823311505963
"19_6680681",0.100391263525616
"c19.loc34",0.104255243002548
"19_6813931",0.109369770566559
"c19.loc36",0.0435138139124263
"19_6943573",0.0348788886436964
"19_7230123",0.00129051963569538
"c19.loc37",0.000308799075526167
"19_7199434",0.000801079413399464
"c19.loc38",0.00150535505115101
"c19.loc39",0.0337079248001118
"19_7518191",0.0717495638859305
"c19.loc40",0.0389236617130422
"19_7471962",0.0284859513545612
"19_7471904",0.0321031441138402
"19_7443849",0.0321031467972617
"19_7785608",0.0530408876558681
"c19.loc41",0.0229169858501876
"19_7844158",0.00442162257851209
"6_16319086",0.00414346258222054
"19_7844116",0.19178130704455
"19_7836361",0.193128383783126
"c19.loc42",0.199154221311254
"c19.loc43",3.13510216258805e-05
"19_8705749",0.0183286320276963
"c19.loc44",0.0155092545848348
"c19.loc45",0.0119077389998665
"c19.loc46",0.00879379310359951
"19_9663426",0.00648775914999078
"c19.loc47",0.00816955362196836
"c19.loc48",0.0473536430881865
"c19.loc49",0.0110431351164735
"19_10529799",0.0096161472968177
"19_10665441",0.0125693837419121
"c19.loc50",0.00105855723131754
"19_11545366",0.00512950907913279
"18_26865534",0.00524938633041927
"19_17019728",0.000873265461798667
"c19.loc51",0.00127389800532285
"19_17018490",0.00462860870902659
"19_17018516",0.00782256286402827
"c19.loc52",0.0143290897588244
"c19.loc53",0.0413857315556285
"19_18512448",0.0573489475690039
"18_21436418",0.110521944515796
"c19.loc54",0.0795721854658424
"11_14759071",0.0557146158026498
"14_3753753",0.00426537355290435
"c19.loc55",0.000342300117779359
"5_9904142",0.000124274683145131
"12_17420694",0.0012636658560865
"19_21023274",0.00118536737109309
"c19.loc57",0.00121278252458978
"19_21176547",0.00126811738025623
"c19.loc58",0.0011323287517655
"19_23616892",0.000956153998224352
"c19.loc59",1.58693709551017e-06
"19_23864743",0.0138318717969312
"c19.loc60",0.00297638753770713
"19_24491792",0.0953975611688023
"c19.loc61",0.14790126388521
"15_6360233",0.189892492111234
